-- MySQL dump 10.13  Distrib 8.0.42, for Win64 (x86_64)
--
-- Host: localhost    Database: stage
-- ------------------------------------------------------
-- Server version	8.0.42

/*!40101 SET @OLD_CHARACTER_SET_CLIENT=@@CHARACTER_SET_CLIENT */;
/*!40101 SET @OLD_CHARACTER_SET_RESULTS=@@CHARACTER_SET_RESULTS */;
/*!40101 SET @OLD_COLLATION_CONNECTION=@@COLLATION_CONNECTION */;
/*!50503 SET NAMES utf8 */;
/*!40103 SET @OLD_TIME_ZONE=@@TIME_ZONE */;
/*!40103 SET TIME_ZONE='+00:00' */;
/*!40014 SET @OLD_UNIQUE_CHECKS=@@UNIQUE_CHECKS, UNIQUE_CHECKS=0 */;
/*!40014 SET @OLD_FOREIGN_KEY_CHECKS=@@FOREIGN_KEY_CHECKS, FOREIGN_KEY_CHECKS=0 */;
/*!40101 SET @OLD_SQL_MODE=@@SQL_MODE, SQL_MODE='NO_AUTO_VALUE_ON_ZERO' */;
/*!40111 SET @OLD_SQL_NOTES=@@SQL_NOTES, SQL_NOTES=0 */;

--
-- Table structure for table `admin`
--

DROP TABLE IF EXISTS `admin`;
/*!40101 SET @saved_cs_client     = @@character_set_client */;
/*!50503 SET character_set_client = utf8mb4 */;
CREATE TABLE `admin` (
  `id_admin` int NOT NULL,
  `agence` varchar(100) DEFAULT NULL,
  PRIMARY KEY (`id_admin`),
  CONSTRAINT `admin_ibfk_1` FOREIGN KEY (`id_admin`) REFERENCES `personne` (`id`) ON DELETE CASCADE
) ENGINE=InnoDB DEFAULT CHARSET=utf8mb4 COLLATE=utf8mb4_0900_ai_ci;
/*!40101 SET character_set_client = @saved_cs_client */;

--
-- Dumping data for table `admin`
--

LOCK TABLES `admin` WRITE;
/*!40000 ALTER TABLE `admin` DISABLE KEYS */;
/*!40000 ALTER TABLE `admin` ENABLE KEYS */;
UNLOCK TABLES;

--
-- Table structure for table `agence`
--

DROP TABLE IF EXISTS `agence`;
/*!40101 SET @saved_cs_client     = @@character_set_client */;
/*!50503 SET character_set_client = utf8mb4 */;
CREATE TABLE `agence` (
  `id_agence` int NOT NULL AUTO_INCREMENT,
  `nom` varchar(100) NOT NULL,
  `username` varchar(50) NOT NULL,
  `password` varchar(100) NOT NULL,
  PRIMARY KEY (`id_agence`),
  UNIQUE KEY `username` (`username`)
) ENGINE=InnoDB AUTO_INCREMENT=6 DEFAULT CHARSET=utf8mb4 COLLATE=utf8mb4_0900_ai_ci;
/*!40101 SET character_set_client = @saved_cs_client */;

--
-- Dumping data for table `agence`
--

LOCK TABLES `agence` WRITE;
/*!40000 ALTER TABLE `agence` DISABLE KEYS */;
INSERT INTO `agence` VALUES (1,'Agence Tunis Centre','tunis_centre','password123'),(2,'Agence Menzel Temim','Menzel_Temim','password123'),(3,'Agence Sousse Médina','sousse_medina','password123'),(4,'Agence Bizerte Nord','bizerte_nord','password123');
/*!40000 ALTER TABLE `agence` ENABLE KEYS */;
UNLOCK TABLES;

--
-- Table structure for table `carte`
--

DROP TABLE IF EXISTS `carte`;
/*!40101 SET @saved_cs_client     = @@character_set_client */;
/*!50503 SET character_set_client = utf8mb4 */;
CREATE TABLE `carte` (
  `id_carte` int NOT NULL AUTO_INCREMENT,
  `type` varchar(50) DEFAULT NULL,
  `num_carte` varchar(50) DEFAULT NULL,
  `date_validite` date DEFAULT NULL,
  `date_ajout` date DEFAULT NULL,
  `emplacement` int DEFAULT NULL,
  `etat` varchar(20) DEFAULT NULL,
  `id_client` int NOT NULL,
  PRIMARY KEY (`id_carte`),
  UNIQUE KEY `num_carte` (`num_carte`),
  KEY `emplacement` (`emplacement`),
  KEY `fk_carte_client` (`id_client`),
  CONSTRAINT `carte_ibfk_2` FOREIGN KEY (`emplacement`) REFERENCES `emplacement` (`id_emplacement`) ON DELETE CASCADE,
  CONSTRAINT `fk_carte_client` FOREIGN KEY (`id_client`) REFERENCES `client` (`id`)
) ENGINE=InnoDB AUTO_INCREMENT=87 DEFAULT CHARSET=utf8mb4 COLLATE=utf8mb4_0900_ai_ci;
/*!40101 SET character_set_client = @saved_cs_client */;

--
-- Dumping data for table `carte`
--

LOCK TABLES `carte` WRITE;
/*!40000 ALTER TABLE `carte` DISABLE KEYS */;
INSERT INTO `carte` VALUES (66,'courant','5832432343256590','2027-01-14','2025-07-23',1,'valable',9),(67,'epargne','4324324234234234','2028-07-09','2025-07-03',6,'nonvalable',10),(70,'courant','5632345326432432','2029-12-12','2025-07-08',102,'nonvalable',12),(71,'epargne','5832533145642643','2029-02-16','2025-07-16',80,'valable',13),(72,'courant','4353264326574234','2027-07-31','2025-07-01',167,'nonvalable',12),(73,'courant','5392356423463690','2027-07-31','2025-07-15',1,'valable',14),(74,'epargne','6420512652453283','2029-05-31','2025-07-04',144,'nonvalable',15),(75,'epargne','4592353236442135','2028-01-03','2025-07-07',182,'nonvalable',16),(77,'courant','5391723953235325','2028-06-30','2025-07-08',112,'nonvalable',18),(81,'courant','0984371346291956','2025-08-12','2025-07-29',279,'valable',9),(82,'courant','4324324325325654','2025-08-05','2025-07-22',146,'valable',19),(85,'epargne','5423206424325631','2027-06-12','2025-07-13',2,'valable',21),(86,'courant','5821092172009532','2029-06-08','2025-07-22',142,'valable',22);
/*!40000 ALTER TABLE `carte` ENABLE KEYS */;
UNLOCK TABLES;

--
-- Table structure for table `client`
--

DROP TABLE IF EXISTS `client`;
/*!40101 SET @saved_cs_client     = @@character_set_client */;
/*!50503 SET character_set_client = utf8mb4 */;
CREATE TABLE `client` (
  `id` int NOT NULL AUTO_INCREMENT,
  `id_personne` int DEFAULT NULL,
  `num_compte` varchar(50) DEFAULT NULL,
  `date_naissance` date DEFAULT NULL,
  `contact` varchar(50) DEFAULT NULL,
  `agence` int DEFAULT NULL,
  PRIMARY KEY (`id`),
  KEY `agence` (`agence`),
  KEY `fk_client_personne` (`id_personne`),
  CONSTRAINT `client_ibfk_2` FOREIGN KEY (`agence`) REFERENCES `agence` (`id_agence`) ON DELETE SET NULL,
  CONSTRAINT `fk_client_personne` FOREIGN KEY (`id_personne`) REFERENCES `personne` (`id`)
) ENGINE=InnoDB AUTO_INCREMENT=23 DEFAULT CHARSET=utf8mb4 COLLATE=utf8mb4_0900_ai_ci;
/*!40101 SET character_set_client = @saved_cs_client */;

--
-- Dumping data for table `client`
--

LOCK TABLES `client` WRITE;
/*!40000 ALTER TABLE `client` DISABLE KEYS */;
INSERT INTO `client` VALUES (9,3,'tun5323','1999-12-13','24394660',1),(10,2,'tun6345','2004-03-09','54532532',1),(12,6,'tun7351','1997-01-12','54863321',1),(13,7,'tun7993','2005-02-04','93454234',1),(14,8,'tun5764','1974-10-30','53212353',2),(15,9,'tun6425','1953-07-15','65765109',2),(16,10,'tun2222','2000-05-31','24019575',2),(17,4,'tun2004','2004-10-31','54953318',2),(18,11,'tun8734','2001-10-31','20987532',2),(19,8,'tun20099','1984-05-31','93453253',1),(21,12,'tun2023','2004-08-19','53103453',3),(22,1,'tun2005','2001-08-09','24394660',3);
/*!40000 ALTER TABLE `client` ENABLE KEYS */;
UNLOCK TABLES;

--
-- Table structure for table `emplacement`
--

DROP TABLE IF EXISTS `emplacement`;
/*!40101 SET @saved_cs_client     = @@character_set_client */;
/*!50503 SET character_set_client = utf8mb4 */;
CREATE TABLE `emplacement` (
  `id_emplacement` int NOT NULL AUTO_INCREMENT,
  `nom` varchar(100) DEFAULT NULL,
  PRIMARY KEY (`id_emplacement`)
) ENGINE=InnoDB AUTO_INCREMENT=281 DEFAULT CHARSET=utf8mb4 COLLATE=utf8mb4_0900_ai_ci;
/*!40101 SET character_set_client = @saved_cs_client */;

--
-- Dumping data for table `emplacement`
--

LOCK TABLES `emplacement` WRITE;
/*!40000 ALTER TABLE `emplacement` DISABLE KEYS */;
INSERT INTO `emplacement` VALUES (1,'A1'),(2,'A2'),(3,'A3'),(4,'A4'),(5,'A5'),(6,'A6'),(7,'A7'),(8,'A8'),(9,'A9'),(10,'A10'),(11,'A11'),(12,'A12'),(13,'A13'),(14,'A14'),(15,'A15'),(16,'A16'),(17,'A17'),(18,'A18'),(19,'A19'),(20,'A20'),(21,'B1'),(22,'B2'),(23,'B3'),(24,'B4'),(25,'B5'),(26,'B6'),(27,'B7'),(28,'B8'),(29,'B9'),(30,'B10'),(31,'B11'),(32,'B12'),(33,'B13'),(34,'B14'),(35,'B15'),(36,'B16'),(37,'B17'),(38,'B18'),(39,'B19'),(40,'B20'),(41,'C1'),(42,'C2'),(43,'C3'),(44,'C4'),(45,'C5'),(46,'C6'),(47,'C7'),(48,'C8'),(49,'C9'),(50,'C10'),(51,'C11'),(52,'C12'),(53,'C13'),(54,'C14'),(55,'C15'),(56,'C16'),(57,'C17'),(58,'C18'),(59,'C19'),(60,'C20'),(61,'D1'),(62,'D2'),(63,'D3'),(64,'D4'),(65,'D5'),(66,'D6'),(67,'D7'),(68,'D8'),(69,'D9'),(70,'D10'),(71,'D11'),(72,'D12'),(73,'D13'),(74,'D14'),(75,'D15'),(76,'D16'),(77,'D17'),(78,'D18'),(79,'D19'),(80,'D20'),(81,'E1'),(82,'E2'),(83,'E3'),(84,'E4'),(85,'E5'),(86,'E6'),(87,'E7'),(88,'E8'),(89,'E9'),(90,'E10'),(91,'E11'),(92,'E12'),(93,'E13'),(94,'E14'),(95,'E15'),(96,'E16'),(97,'E17'),(98,'E18'),(99,'E19'),(100,'E20'),(101,'F1'),(102,'F2'),(103,'F3'),(104,'F4'),(105,'F5'),(106,'F6'),(107,'F7'),(108,'F8'),(109,'F9'),(110,'F10'),(111,'F11'),(112,'F12'),(113,'F13'),(114,'F14'),(115,'F15'),(116,'F16'),(117,'F17'),(118,'F18'),(119,'F19'),(120,'F20'),(121,'G1'),(122,'G2'),(123,'G3'),(124,'G4'),(125,'G5'),(126,'G6'),(127,'G7'),(128,'G8'),(129,'G9'),(130,'G10'),(131,'G11'),(132,'G12'),(133,'G13'),(134,'G14'),(135,'G15'),(136,'G16'),(137,'G17'),(138,'G18'),(139,'G19'),(140,'G20'),(141,'H1'),(142,'H2'),(143,'H3'),(144,'H4'),(145,'H5'),(146,'H6'),(147,'H7'),(148,'H8'),(149,'H9'),(150,'H10'),(151,'H11'),(152,'H12'),(153,'H13'),(154,'H14'),(155,'H15'),(156,'H16'),(157,'H17'),(158,'H18'),(159,'H19'),(160,'H20'),(161,'I1'),(162,'I2'),(163,'I3'),(164,'I4'),(165,'I5'),(166,'I6'),(167,'I7'),(168,'I8'),(169,'I9'),(170,'I10'),(171,'I11'),(172,'I12'),(173,'I13'),(174,'I14'),(175,'I15'),(176,'I16'),(177,'I17'),(178,'I18'),(179,'I19'),(180,'I20'),(181,'J1'),(182,'J2'),(183,'J3'),(184,'J4'),(185,'J5'),(186,'J6'),(187,'J7'),(188,'J8'),(189,'J9'),(190,'J10'),(191,'J11'),(192,'J12'),(193,'J13'),(194,'J14'),(195,'J15'),(196,'J16'),(197,'J17'),(198,'J18'),(199,'J19'),(200,'J20'),(201,'K1'),(202,'K2'),(203,'K3'),(204,'K4'),(205,'K5'),(206,'K6'),(207,'K7'),(208,'K8'),(209,'K9'),(210,'K10'),(211,'K11'),(212,'K12'),(213,'K13'),(214,'K14'),(215,'K15'),(216,'K16'),(217,'K17'),(218,'K18'),(219,'K19'),(220,'K20'),(221,'L1'),(222,'L2'),(223,'L3'),(224,'L4'),(225,'L5'),(226,'L6'),(227,'L7'),(228,'L8'),(229,'L9'),(230,'L10'),(231,'L11'),(232,'L12'),(233,'L13'),(234,'L14'),(235,'L15'),(236,'L16'),(237,'L17'),(238,'L18'),(239,'L19'),(240,'L20'),(241,'M1'),(242,'M2'),(243,'M3'),(244,'M4'),(245,'M5'),(246,'M6'),(247,'M7'),(248,'M8'),(249,'M9'),(250,'M10'),(251,'M11'),(252,'M12'),(253,'M13'),(254,'M14'),(255,'M15'),(256,'M16'),(257,'M17'),(258,'M18'),(259,'M19'),(260,'M20'),(261,'N1'),(262,'N2'),(263,'N3'),(264,'N4'),(265,'N5'),(266,'N6'),(267,'N7'),(268,'N8'),(269,'N9'),(270,'N10'),(271,'N11'),(272,'N12'),(273,'N13'),(274,'N14'),(275,'N15'),(276,'N16'),(277,'N17'),(278,'N18'),(279,'N19'),(280,'N20');
/*!40000 ALTER TABLE `emplacement` ENABLE KEYS */;
UNLOCK TABLES;

--
-- Table structure for table `emplacement_agence`
--

DROP TABLE IF EXISTS `emplacement_agence`;
/*!40101 SET @saved_cs_client     = @@character_set_client */;
/*!50503 SET character_set_client = utf8mb4 */;
CREATE TABLE `emplacement_agence` (
  `id` int NOT NULL AUTO_INCREMENT,
  `id_agence` int NOT NULL,
  `id_emplacement` int NOT NULL,
  `occupe` tinyint(1) DEFAULT '0',
  PRIMARY KEY (`id`),
  UNIQUE KEY `id_agence` (`id_agence`,`id_emplacement`),
  KEY `id_emplacement` (`id_emplacement`),
  CONSTRAINT `emplacement_agence_ibfk_1` FOREIGN KEY (`id_agence`) REFERENCES `agence` (`id_agence`) ON DELETE CASCADE,
  CONSTRAINT `emplacement_agence_ibfk_2` FOREIGN KEY (`id_emplacement`) REFERENCES `emplacement` (`id_emplacement`) ON DELETE CASCADE
) ENGINE=InnoDB AUTO_INCREMENT=2091 DEFAULT CHARSET=utf8mb4 COLLATE=utf8mb4_0900_ai_ci;
/*!40101 SET character_set_client = @saved_cs_client */;

--
-- Dumping data for table `emplacement_agence`
--

LOCK TABLES `emplacement_agence` WRITE;
/*!40000 ALTER TABLE `emplacement_agence` DISABLE KEYS */;
INSERT INTO `emplacement_agence` VALUES (44,4,1,0),(45,3,1,0),(46,2,1,1),(47,1,1,1),(48,4,2,0),(49,3,2,1),(50,2,2,0),(51,1,2,0),(52,4,3,0),(53,3,3,0),(54,2,3,0),(55,1,3,0),(56,4,4,0),(57,3,4,0),(58,2,4,0),(59,1,4,0),(60,4,5,0),(61,3,5,0),(62,2,5,0),(63,1,5,0),(64,4,6,0),(65,3,6,0),(66,2,6,0),(67,1,6,1),(68,4,7,0),(69,3,7,0),(70,2,7,0),(71,1,7,0),(72,4,8,0),(73,3,8,0),(74,2,8,0),(75,1,8,0),(76,4,9,0),(77,3,9,0),(78,2,9,0),(79,1,9,0),(80,4,10,0),(81,3,10,0),(82,2,10,0),(83,1,10,0),(84,4,11,0),(85,3,11,0),(86,2,11,0),(87,1,11,0),(88,4,12,0),(89,3,12,0),(90,2,12,0),(91,1,12,0),(92,4,13,0),(93,3,13,0),(94,2,13,0),(95,1,13,0),(96,4,14,0),(97,3,14,0),(98,2,14,0),(99,1,14,0),(100,4,15,0),(101,3,15,0),(102,2,15,0),(103,1,15,0),(104,4,16,0),(105,3,16,0),(106,2,16,0),(107,1,16,0),(108,4,17,0),(109,3,17,0),(110,2,17,0),(111,1,17,0),(112,4,18,0),(113,3,18,0),(114,2,18,0),(115,1,18,0),(116,4,19,0),(117,3,19,0),(118,2,19,0),(119,1,19,0),(120,4,20,0),(121,3,20,0),(122,2,20,0),(123,1,20,0),(124,4,21,0),(125,3,21,0),(126,2,21,0),(127,1,21,0),(128,4,22,0),(129,3,22,0),(130,2,22,0),(131,1,22,0),(132,4,23,0),(133,3,23,0),(134,2,23,0),(135,1,23,0),(136,4,24,0),(137,3,24,0),(138,2,24,0),(139,1,24,0),(140,4,25,0),(141,3,25,0),(142,2,25,0),(143,1,25,0),(144,4,26,0),(145,3,26,0),(146,2,26,0),(147,1,26,0),(148,4,27,0),(149,3,27,0),(150,2,27,0),(151,1,27,0),(152,4,28,0),(153,3,28,0),(154,2,28,0),(155,1,28,0),(156,4,29,0),(157,3,29,0),(158,2,29,0),(159,1,29,0),(160,4,30,0),(161,3,30,0),(162,2,30,0),(163,1,30,0),(164,4,31,0),(165,3,31,0),(166,2,31,0),(167,1,31,0),(168,4,32,0),(169,3,32,0),(170,2,32,0),(171,1,32,0),(172,4,33,0),(173,3,33,0),(174,2,33,0),(175,1,33,0),(176,4,34,0),(177,3,34,0),(178,2,34,0),(179,1,34,0),(180,4,35,0),(181,3,35,0),(182,2,35,0),(183,1,35,0),(184,4,36,0),(185,3,36,0),(186,2,36,0),(187,1,36,0),(188,4,37,0),(189,3,37,0),(190,2,37,0),(191,1,37,0),(192,4,38,0),(193,3,38,0),(194,2,38,0),(195,1,38,0),(196,4,39,0),(197,3,39,0),(198,2,39,0),(199,1,39,0),(200,4,40,0),(201,3,40,0),(202,2,40,0),(203,1,40,0),(204,4,41,0),(205,3,41,0),(206,2,41,0),(207,1,41,0),(208,4,42,0),(209,3,42,0),(210,2,42,0),(211,1,42,0),(212,4,43,0),(213,3,43,0),(214,2,43,0),(215,1,43,0),(216,4,44,0),(217,3,44,0),(218,2,44,0),(219,1,44,0),(220,4,45,0),(221,3,45,0),(222,2,45,0),(223,1,45,0),(224,4,46,0),(225,3,46,0),(226,2,46,0),(227,1,46,0),(228,4,47,0),(229,3,47,0),(230,2,47,0),(231,1,47,0),(232,4,48,0),(233,3,48,0),(234,2,48,0),(235,1,48,0),(236,4,49,0),(237,3,49,0),(238,2,49,0),(239,1,49,0),(240,4,50,0),(241,3,50,0),(242,2,50,0),(243,1,50,0),(244,4,51,0),(245,3,51,0),(246,2,51,0),(247,1,51,0),(248,4,52,0),(249,3,52,0),(250,2,52,0),(251,1,52,0),(252,4,53,0),(253,3,53,0),(254,2,53,0),(255,1,53,0),(256,4,54,0),(257,3,54,0),(258,2,54,0),(259,1,54,0),(260,4,55,0),(261,3,55,0),(262,2,55,0),(263,1,55,0),(264,4,56,0),(265,3,56,0),(266,2,56,0),(267,1,56,0),(268,4,57,0),(269,3,57,0),(270,2,57,0),(271,1,57,0),(272,4,58,0),(273,3,58,0),(274,2,58,0),(275,1,58,0),(276,4,59,0),(277,3,59,0),(278,2,59,0),(279,1,59,0),(280,4,60,0),(281,3,60,0),(282,2,60,0),(283,1,60,0),(284,4,61,0),(285,3,61,0),(286,2,61,0),(287,1,61,0),(288,4,62,0),(289,3,62,0),(290,2,62,0),(291,1,62,0),(292,4,63,0),(293,3,63,0),(294,2,63,0),(295,1,63,0),(296,4,64,0),(297,3,64,0),(298,2,64,0),(299,1,64,0),(300,4,65,0),(301,3,65,0),(302,2,65,0),(303,1,65,0),(304,4,66,0),(305,3,66,0),(306,2,66,0),(307,1,66,0),(308,4,67,0),(309,3,67,0),(310,2,67,0),(311,1,67,0),(312,4,68,0),(313,3,68,0),(314,2,68,0),(315,1,68,0),(316,4,69,0),(317,3,69,0),(318,2,69,0),(319,1,69,0),(320,4,70,0),(321,3,70,0),(322,2,70,0),(323,1,70,0),(324,4,71,0),(325,3,71,0),(326,2,71,0),(327,1,71,0),(328,4,72,0),(329,3,72,0),(330,2,72,0),(331,1,72,0),(332,4,73,0),(333,3,73,0),(334,2,73,0),(335,1,73,0),(336,4,74,0),(337,3,74,0),(338,2,74,0),(339,1,74,0),(340,4,75,0),(341,3,75,0),(342,2,75,0),(343,1,75,0),(344,4,76,0),(345,3,76,0),(346,2,76,0),(347,1,76,0),(348,4,77,0),(349,3,77,0),(350,2,77,0),(351,1,77,0),(352,4,78,0),(353,3,78,0),(354,2,78,0),(355,1,78,0),(356,4,79,0),(357,3,79,0),(358,2,79,0),(359,1,79,0),(360,4,80,0),(361,3,80,0),(362,2,80,0),(363,1,80,1),(364,4,81,0),(365,3,81,0),(366,2,81,0),(367,1,81,0),(368,4,82,0),(369,3,82,0),(370,2,82,0),(371,1,82,0),(372,4,83,0),(373,3,83,0),(374,2,83,0),(375,1,83,0),(376,4,84,0),(377,3,84,0),(378,2,84,0),(379,1,84,0),(380,4,85,0),(381,3,85,0),(382,2,85,0),(383,1,85,0),(384,4,86,0),(385,3,86,0),(386,2,86,0),(387,1,86,0),(388,4,87,0),(389,3,87,0),(390,2,87,0),(391,1,87,0),(392,4,88,0),(393,3,88,0),(394,2,88,0),(395,1,88,0),(396,4,89,0),(397,3,89,0),(398,2,89,0),(399,1,89,0),(400,4,90,0),(401,3,90,0),(402,2,90,0),(403,1,90,0),(404,4,91,0),(405,3,91,0),(406,2,91,0),(407,1,91,0),(408,4,92,0),(409,3,92,0),(410,2,92,0),(411,1,92,0),(412,4,93,0),(413,3,93,0),(414,2,93,0),(415,1,93,0),(416,4,94,0),(417,3,94,0),(418,2,94,0),(419,1,94,0),(420,4,95,0),(421,3,95,0),(422,2,95,0),(423,1,95,0),(424,4,96,0),(425,3,96,0),(426,2,96,0),(427,1,96,0),(428,4,97,0),(429,3,97,0),(430,2,97,0),(431,1,97,0),(432,4,98,0),(433,3,98,0),(434,2,98,0),(435,1,98,0),(436,4,99,0),(437,3,99,0),(438,2,99,0),(439,1,99,0),(440,4,100,0),(441,3,100,0),(442,2,100,0),(443,1,100,0),(444,4,101,0),(445,3,101,0),(446,2,101,0),(447,1,101,0),(448,4,102,0),(449,3,102,0),(450,2,102,0),(451,1,102,1),(452,4,103,0),(453,3,103,0),(454,2,103,0),(455,1,103,0),(456,4,104,0),(457,3,104,0),(458,2,104,0),(459,1,104,0),(460,4,105,0),(461,3,105,0),(462,2,105,0),(463,1,105,0),(464,4,106,0),(465,3,106,0),(466,2,106,0),(467,1,106,0),(468,4,107,0),(469,3,107,0),(470,2,107,0),(471,1,107,0),(472,4,108,0),(473,3,108,0),(474,2,108,0),(475,1,108,0),(476,4,109,0),(477,3,109,0),(478,2,109,0),(479,1,109,0),(480,4,110,0),(481,3,110,0),(482,2,110,0),(483,1,110,0),(484,4,111,0),(485,3,111,0),(486,2,111,0),(487,1,111,0),(488,4,112,0),(489,3,112,0),(490,2,112,1),(491,1,112,0),(492,4,113,0),(493,3,113,0),(494,2,113,0),(495,1,113,0),(496,4,114,0),(497,3,114,0),(498,2,114,0),(499,1,114,0),(500,4,115,0),(501,3,115,0),(502,2,115,0),(503,1,115,0),(504,4,116,0),(505,3,116,0),(506,2,116,0),(507,1,116,0),(508,4,117,0),(509,3,117,0),(510,2,117,0),(511,1,117,0),(512,4,118,0),(513,3,118,0),(514,2,118,0),(515,1,118,0),(516,4,119,0),(517,3,119,0),(518,2,119,0),(519,1,119,0),(520,4,120,0),(521,3,120,0),(522,2,120,0),(523,1,120,0),(524,4,121,0),(525,3,121,0),(526,2,121,0),(527,1,121,0),(528,4,122,0),(529,3,122,0),(530,2,122,0),(531,1,122,0),(532,4,123,0),(533,3,123,0),(534,2,123,0),(535,1,123,0),(536,4,124,0),(537,3,124,0),(538,2,124,0),(539,1,124,0),(540,4,125,0),(541,3,125,0),(542,2,125,0),(543,1,125,0),(544,4,126,0),(545,3,126,0),(546,2,126,0),(547,1,126,0),(548,4,127,0),(549,3,127,0),(550,2,127,0),(551,1,127,0),(552,4,128,0),(553,3,128,0),(554,2,128,0),(555,1,128,0),(556,4,129,0),(557,3,129,0),(558,2,129,0),(559,1,129,0),(560,4,130,0),(561,3,130,0),(562,2,130,0),(563,1,130,0),(564,4,131,0),(565,3,131,0),(566,2,131,0),(567,1,131,0),(568,4,132,0),(569,3,132,0),(570,2,132,0),(571,1,132,0),(572,4,133,0),(573,3,133,0),(574,2,133,0),(575,1,133,0),(576,4,134,0),(577,3,134,0),(578,2,134,0),(579,1,134,0),(580,4,135,0),(581,3,135,0),(582,2,135,0),(583,1,135,0),(584,4,136,0),(585,3,136,0),(586,2,136,0),(587,1,136,0),(588,4,137,0),(589,3,137,0),(590,2,137,0),(591,1,137,0),(592,4,138,0),(593,3,138,0),(594,2,138,0),(595,1,138,0),(596,4,139,0),(597,3,139,0),(598,2,139,0),(599,1,139,0),(600,4,140,0),(601,3,140,0),(602,2,140,0),(603,1,140,0),(604,4,141,0),(605,3,141,0),(606,2,141,0),(607,1,141,0),(608,4,142,0),(609,3,142,1),(610,2,142,0),(611,1,142,0),(612,4,143,0),(613,3,143,0),(614,2,143,0),(615,1,143,0),(616,4,144,0),(617,3,144,0),(618,2,144,1),(619,1,144,0),(620,4,145,0),(621,3,145,0),(622,2,145,0),(623,1,145,0),(624,4,146,0),(625,3,146,0),(626,2,146,0),(627,1,146,1),(628,4,147,0),(629,3,147,0),(630,2,147,0),(631,1,147,0),(632,4,148,0),(633,3,148,0),(634,2,148,0),(635,1,148,0),(636,4,149,0),(637,3,149,0),(638,2,149,0),(639,1,149,0),(640,4,150,0),(641,3,150,0),(642,2,150,0),(643,1,150,0),(644,4,151,0),(645,3,151,0),(646,2,151,0),(647,1,151,0),(648,4,152,0),(649,3,152,0),(650,2,152,0),(651,1,152,0),(652,4,153,0),(653,3,153,0),(654,2,153,0),(655,1,153,0),(656,4,154,0),(657,3,154,0),(658,2,154,0),(659,1,154,0),(660,4,155,0),(661,3,155,0),(662,2,155,0),(663,1,155,0),(664,4,156,0),(665,3,156,0),(666,2,156,0),(667,1,156,0),(668,4,157,0),(669,3,157,0),(670,2,157,0),(671,1,157,0),(672,4,158,0),(673,3,158,0),(674,2,158,0),(675,1,158,0),(676,4,159,0),(677,3,159,0),(678,2,159,0),(679,1,159,0),(680,4,160,0),(681,3,160,0),(682,2,160,0),(683,1,160,0),(684,4,161,0),(685,3,161,0),(686,2,161,0),(687,1,161,0),(688,4,162,0),(689,3,162,0),(690,2,162,0),(691,1,162,0),(692,4,163,0),(693,3,163,0),(694,2,163,0),(695,1,163,0),(696,4,164,0),(697,3,164,0),(698,2,164,0),(699,1,164,0),(700,4,165,0),(701,3,165,0),(702,2,165,0),(703,1,165,0),(704,4,166,0),(705,3,166,0),(706,2,166,0),(707,1,166,0),(708,4,167,0),(709,3,167,0),(710,2,167,0),(711,1,167,1),(712,4,168,0),(713,3,168,0),(714,2,168,0),(715,1,168,0),(716,4,169,0),(717,3,169,0),(718,2,169,0),(719,1,169,0),(720,4,170,0),(721,3,170,0),(722,2,170,0),(723,1,170,0),(724,4,171,0),(725,3,171,0),(726,2,171,0),(727,1,171,0),(728,4,172,0),(729,3,172,0),(730,2,172,0),(731,1,172,0),(732,4,173,0),(733,3,173,0),(734,2,173,0),(735,1,173,0),(736,4,174,0),(737,3,174,0),(738,2,174,0),(739,1,174,0),(740,4,175,0),(741,3,175,0),(742,2,175,0),(743,1,175,0),(744,4,176,0),(745,3,176,0),(746,2,176,0),(747,1,176,0),(748,4,177,0),(749,3,177,0),(750,2,177,0),(751,1,177,0),(752,4,178,0),(753,3,178,0),(754,2,178,0),(755,1,178,0),(756,4,179,0),(757,3,179,0),(758,2,179,0),(759,1,179,0),(760,4,180,0),(761,3,180,0),(762,2,180,0),(763,1,180,0),(764,4,181,0),(765,3,181,0),(766,2,181,0),(767,1,181,0),(768,4,182,0),(769,3,182,0),(770,2,182,1),(771,1,182,0),(772,4,183,0),(773,3,183,0),(774,2,183,0),(775,1,183,0),(776,4,184,0),(777,3,184,0),(778,2,184,0),(779,1,184,0),(780,4,185,0),(781,3,185,0),(782,2,185,0),(783,1,185,0),(784,4,186,0),(785,3,186,0),(786,2,186,0),(787,1,186,0),(788,4,187,0),(789,3,187,0),(790,2,187,0),(791,1,187,0),(792,4,188,0),(793,3,188,0),(794,2,188,0),(795,1,188,0),(796,4,189,0),(797,3,189,0),(798,2,189,0),(799,1,189,0),(800,4,190,0),(801,3,190,0),(802,2,190,0),(803,1,190,0),(804,4,191,0),(805,3,191,0),(806,2,191,0),(807,1,191,0),(808,4,192,0),(809,3,192,0),(810,2,192,0),(811,1,192,0),(812,4,193,0),(813,3,193,0),(814,2,193,0),(815,1,193,0),(816,4,194,0),(817,3,194,0),(818,2,194,0),(819,1,194,0),(820,4,195,0),(821,3,195,0),(822,2,195,0),(823,1,195,0),(824,4,196,0),(825,3,196,0),(826,2,196,0),(827,1,196,0),(828,4,197,0),(829,3,197,0),(830,2,197,0),(831,1,197,0),(832,4,198,0),(833,3,198,0),(834,2,198,0),(835,1,198,0),(836,4,199,0),(837,3,199,0),(838,2,199,0),(839,1,199,0),(840,4,200,0),(841,3,200,0),(842,2,200,0),(843,1,200,0),(844,4,201,0),(845,3,201,0),(846,2,201,0),(847,1,201,0),(848,4,202,0),(849,3,202,0),(850,2,202,0),(851,1,202,0),(852,4,203,0),(853,3,203,0),(854,2,203,0),(855,1,203,0),(856,4,204,0),(857,3,204,0),(858,2,204,0),(859,1,204,0),(860,4,205,0),(861,3,205,0),(862,2,205,0),(863,1,205,0),(864,4,206,0),(865,3,206,0),(866,2,206,0),(867,1,206,0),(868,4,207,0),(869,3,207,0),(870,2,207,0),(871,1,207,0),(872,4,208,0),(873,3,208,0),(874,2,208,0),(875,1,208,0),(876,4,209,0),(877,3,209,0),(878,2,209,0),(879,1,209,0),(880,4,210,0),(881,3,210,0),(882,2,210,0),(883,1,210,0),(884,4,211,0),(885,3,211,0),(886,2,211,0),(887,1,211,0),(888,4,212,0),(889,3,212,0),(890,2,212,0),(891,1,212,0),(892,4,213,0),(893,3,213,0),(894,2,213,0),(895,1,213,0),(896,4,214,0),(897,3,214,0),(898,2,214,0),(899,1,214,0),(900,4,215,0),(901,3,215,0),(902,2,215,0),(903,1,215,0),(904,4,216,0),(905,3,216,0),(906,2,216,0),(907,1,216,0),(908,4,217,0),(909,3,217,0),(910,2,217,0),(911,1,217,0),(912,4,218,0),(913,3,218,0),(914,2,218,0),(915,1,218,0),(916,4,219,0),(917,3,219,0),(918,2,219,0),(919,1,219,0),(920,4,220,0),(921,3,220,0),(922,2,220,0),(923,1,220,0),(924,4,221,0),(925,3,221,0),(926,2,221,0),(927,1,221,0),(928,4,222,0),(929,3,222,0),(930,2,222,0),(931,1,222,0),(932,4,223,0),(933,3,223,0),(934,2,223,0),(935,1,223,0),(936,4,224,0),(937,3,224,0),(938,2,224,0),(939,1,224,0),(940,4,225,0),(941,3,225,0),(942,2,225,0),(943,1,225,0),(944,4,226,0),(945,3,226,0),(946,2,226,0),(947,1,226,0),(948,4,227,0),(949,3,227,0),(950,2,227,0),(951,1,227,0),(952,4,228,0),(953,3,228,0),(954,2,228,0),(955,1,228,0),(956,4,229,0),(957,3,229,0),(958,2,229,0),(959,1,229,0),(960,4,230,0),(961,3,230,0),(962,2,230,0),(963,1,230,0),(964,4,231,0),(965,3,231,0),(966,2,231,0),(967,1,231,0),(968,4,232,0),(969,3,232,0),(970,2,232,0),(971,1,232,0),(972,4,233,0),(973,3,233,0),(974,2,233,0),(975,1,233,0),(976,4,234,0),(977,3,234,0),(978,2,234,0),(979,1,234,0),(980,4,235,0),(981,3,235,0),(982,2,235,0),(983,1,235,0),(984,4,236,0),(985,3,236,0),(986,2,236,0),(987,1,236,0),(988,4,237,0),(989,3,237,0),(990,2,237,0),(991,1,237,0),(992,4,238,0),(993,3,238,0),(994,2,238,0),(995,1,238,0),(996,4,239,0),(997,3,239,0),(998,2,239,0),(999,1,239,0),(1000,4,240,0),(1001,3,240,0),(1002,2,240,0),(1003,1,240,0),(1004,4,241,0),(1005,3,241,0),(1006,2,241,0),(1007,1,241,0),(1008,4,242,0),(1009,3,242,0),(1010,2,242,0),(1011,1,242,0),(1012,4,243,0),(1013,3,243,0),(1014,2,243,0),(1015,1,243,0),(1016,4,244,0),(1017,3,244,0),(1018,2,244,0),(1019,1,244,0),(1020,4,245,0),(1021,3,245,0),(1022,2,245,0),(1023,1,245,0),(1024,4,246,0),(1025,3,246,0),(1026,2,246,0),(1027,1,246,0),(1028,4,247,0),(1029,3,247,0),(1030,2,247,0),(1031,1,247,0),(1032,4,248,0),(1033,3,248,0),(1034,2,248,0),(1035,1,248,0),(1036,4,249,0),(1037,3,249,0),(1038,2,249,0),(1039,1,249,0),(1040,4,250,0),(1041,3,250,0),(1042,2,250,0),(1043,1,250,0),(1044,4,251,0),(1045,3,251,0),(1046,2,251,0),(1047,1,251,0),(1048,4,252,0),(1049,3,252,0),(1050,2,252,0),(1051,1,252,0),(1052,4,253,0),(1053,3,253,0),(1054,2,253,0),(1055,1,253,0),(1056,4,254,0),(1057,3,254,0),(1058,2,254,0),(1059,1,254,0),(1060,4,255,0),(1061,3,255,0),(1062,2,255,0),(1063,1,255,0),(1064,4,256,0),(1065,3,256,0),(1066,2,256,0),(1067,1,256,0),(1068,4,257,0),(1069,3,257,0),(1070,2,257,0),(1071,1,257,0),(1072,4,258,0),(1073,3,258,0),(1074,2,258,0),(1075,1,258,0),(1076,4,259,0),(1077,3,259,0),(1078,2,259,0),(1079,1,259,0),(1080,4,260,0),(1081,3,260,0),(1082,2,260,0),(1083,1,260,0),(1084,4,261,0),(1085,3,261,0),(1086,2,261,0),(1087,1,261,0),(1088,4,262,0),(1089,3,262,0),(1090,2,262,0),(1091,1,262,0),(1092,4,263,0),(1093,3,263,0),(1094,2,263,0),(1095,1,263,0),(1096,4,264,0),(1097,3,264,0),(1098,2,264,0),(1099,1,264,0),(1100,4,265,0),(1101,3,265,0),(1102,2,265,0),(1103,1,265,0),(1104,4,266,0),(1105,3,266,0),(1106,2,266,0),(1107,1,266,0),(1108,4,267,0),(1109,3,267,0),(1110,2,267,0),(1111,1,267,0),(1112,4,268,0),(1113,3,268,0),(1114,2,268,0),(1115,1,268,0),(1116,4,269,0),(1117,3,269,0),(1118,2,269,0),(1119,1,269,0),(1120,4,270,0),(1121,3,270,0),(1122,2,270,0),(1123,1,270,0),(1124,4,271,0),(1125,3,271,0),(1126,2,271,0),(1127,1,271,0),(1128,4,272,0),(1129,3,272,0),(1130,2,272,0),(1131,1,272,0),(1132,4,273,0),(1133,3,273,0),(1134,2,273,0),(1135,1,273,0),(1136,4,274,0),(1137,3,274,0),(1138,2,274,0),(1139,1,274,0),(1140,4,275,0),(1141,3,275,0),(1142,2,275,0),(1143,1,275,0),(1144,4,276,0),(1145,3,276,0),(1146,2,276,0),(1147,1,276,0),(1148,4,277,0),(1149,3,277,0),(1150,2,277,0),(1151,1,277,0),(1152,4,278,0),(1153,3,278,0),(1154,2,278,0),(1155,1,278,0),(1156,4,279,0),(1157,3,279,0),(1158,2,279,0),(1159,1,279,1),(1160,4,280,0),(1161,3,280,0),(1162,2,280,0),(1163,1,280,0);
/*!40000 ALTER TABLE `emplacement_agence` ENABLE KEYS */;
UNLOCK TABLES;

--
-- Table structure for table `personne`
--

DROP TABLE IF EXISTS `personne`;
/*!40101 SET @saved_cs_client     = @@character_set_client */;
/*!50503 SET character_set_client = utf8mb4 */;
CREATE TABLE `personne` (
  `id` int NOT NULL AUTO_INCREMENT,
  `nom` varchar(50) DEFAULT NULL,
  `prenom` varchar(50) DEFAULT NULL,
  `cin` varchar(20) DEFAULT NULL,
  PRIMARY KEY (`id`),
  UNIQUE KEY `cin` (`cin`)
) ENGINE=InnoDB AUTO_INCREMENT=13 DEFAULT CHARSET=utf8mb4 COLLATE=utf8mb4_0900_ai_ci;
/*!40101 SET character_set_client = @saved_cs_client */;

--
-- Dumping data for table `personne`
--

LOCK TABLES `personne` WRITE;
/*!40000 ALTER TABLE `personne` DISABLE KEYS */;
INSERT INTO `personne` VALUES (1,'Hm','Mohamed Amine','096520'),(2,'Rahal','Firas ','09536345'),(3,'Bach','Hanen','08345323'),(4,'Hmidi','Mohamed Amine','09652016'),(5,'Ben Saïd','Amal','06785984'),(6,'Jaziri','Khouloud ','09247351'),(7,'Mejri','Youssef','04127688'),(8,'Gharbi','Leila ','10395764'),(9,'Dakhlaoui','Aymen ','08216349'),(10,'Bouazizi','Ons ','09538210'),(11,'Kacem','Sarra ','10928734'),(12,'Abidi','Farah','095325321');
/*!40000 ALTER TABLE `personne` ENABLE KEYS */;
UNLOCK TABLES;
/*!40103 SET TIME_ZONE=@OLD_TIME_ZONE */;

/*!40101 SET SQL_MODE=@OLD_SQL_MODE */;
/*!40014 SET FOREIGN_KEY_CHECKS=@OLD_FOREIGN_KEY_CHECKS */;
/*!40014 SET UNIQUE_CHECKS=@OLD_UNIQUE_CHECKS */;
/*!40101 SET CHARACTER_SET_CLIENT=@OLD_CHARACTER_SET_CLIENT */;
/*!40101 SET CHARACTER_SET_RESULTS=@OLD_CHARACTER_SET_RESULTS */;
/*!40101 SET COLLATION_CONNECTION=@OLD_COLLATION_CONNECTION */;
/*!40111 SET SQL_NOTES=@OLD_SQL_NOTES */;

-- Dump completed on 2025-08-03 23:11:06
